{
    "525340304": {
        "525340304": {
            "state": null,
            "data": {},
            "bucket": {
                "antiflood__unconfirmed_start": {
                    "result": true,
                    "rate_limit": 0.1,
                    "called_at": 1608901147.5583987,
                    "delta": 1078.6045579910278,
                    "exceeded": 1
                },
                "antiflood__input_code_validate": {
                    "result": true,
                    "rate_limit": 0.1,
                    "called_at": 1608900072.4204347,
                    "delta": 324190.929015398,
                    "exceeded": 1
                },
                "antiflood__get_codes_handler": {
                    "result": true,
                    "rate_limit": 0.1,
                    "called_at": 1608902956.1450837,
                    "delta": 229.59651517868042,
                    "exceeded": 1
                },
                "antiflood__confirmed_start": {
                    "result": true,
                    "rate_limit": 0.1,
                    "called_at": 1608901161.5116613,
                    "delta": 946.994389295578,
                    "exceeded": 1
                }
            }
        }
    }
}